,emotions,activities,demographics,occupations
Feeling angry,"It can be really tough to feel angry.  Here are some suggestions that may help you manage your emotions and calm down:

1.  **Take a few deep breaths**: When we're feeling angry, our breathing tends to become shallow and rapid. Consciously taking a few deep breaths can help calm your body and mind. Try inhaling for a count of four, holding your breath for a count of four, and exhaling for a count of four.
2.  **Step away","Feeling angry can be overwhelming and affect your emotions, relationships, and overall well-being. Here are some suggestions that may help you manage your anger:

1.  **Identify your triggers**: Try to understand what causes your anger. Is it a specific situation, person, or event? Once you know your triggers, you can develop strategies to cope with them.
2.  **Take a time-out**: Give yourself permission to take a break and step away from the situation that's causing your anger","Feeling angry can be overwhelming and affect your emotions, relationships, and daily life. Here are some tips to help you manage your anger:

1.  **Identify your triggers**: Understanding what causes your anger can help you prepare for and manage it better. Common triggers include stress, frustration, and feeling overwhelmed.
2.  **Take a time-out**: When you feel yourself getting angry, take a step back and give yourself some space. Engage in an activity that calms you down,","It can be really tough to feel angry.  Here are some suggestions that may help you manage your anger:

1.  **Take a break**: Sometimes, taking a step back and giving yourself some space can help you calm down and gain perspective. Take a few deep breaths, go for a short walk, or engage in a relaxing activity.

2.  **Identify your triggers**: Reflect on what might be causing your anger. Is it a specific situation, person, or memory? Understanding"
Am sad,"I'm so sorry to hear that you're feeling sad. It's completely normal to have ups and downs in life, and it's okay to feel sad sometimes.

Would you like to talk about what's on your mind and what's making you feel sad? Sometimes sharing your feelings with someone who can listen without judgment can help you feel a bit better. I'm here to listen and offer support if you need it.

If you're not feeling like talking about it, we could also try some other","I'm so sorry to hear that you're feeling sad. Would you like to talk about what's on your mind and why you're feeling this way? Sometimes sharing your feelings with someone who can listen without judgment can help you feel a bit better.

If you're not feeling like talking, that's okay too. I can try to suggest some things that might help take your mind off things or provide a distraction. Would you like some suggestions?

Some ideas might include:

1. We could play a","I'm so sorry to hear that you're feeling sad. Would you like to talk about what's on your mind and why you're feeling this way? Sometimes sharing your feelings with someone who can listen without judgment can help you feel a bit better.

If you're not feeling like talking about it, I can try to help you find some things that might lift your mood or provide some comfort. Here are a few suggestions:

1. **Listen to music**: What kind of music do you like?","I'm so sorry to hear that you're feeling sad. Would you like to talk about what's on your mind and why you're feeling this way? Sometimes sharing your feelings with someone who can listen without judgment can help you feel a bit better.

If you're not feeling like talking, that's okay too. I can try to help take your mind off things or suggest some things that might help you feel a bit brighter. Would you like:

1. A funny joke or meme to put a"
So scared,It can be really tough to feel scared or anxious.  Would you like to talk about what's making you feel scared? Sometimes sharing what's on your mind can help you feel a bit better. I'm here to listen and offer support if you need it.,It sounds like you might be feeling anxious or frightened about something. Would you like to talk about what's on your mind? I'm here to listen and help if I can.,"It can be really frightening to feel scared. Would you like to talk about what's making you feel scared? Sometimes sharing what's on your mind can help you feel a bit better. I'm here to listen and offer support if you need it.

If you're not comfortable talking about it, we can also try to find a distraction or do something else to take your mind off things. What do you think might help you feel better right now?","It can be really scary when you're feeling anxious or fearful. Would you like to talk about what's on your mind and why you're feeling scared? Sometimes sharing your feelings with someone who can listen without judgment can help you feel a bit better.

If you're not comfortable talking about what's on your mind, I can also offer some general suggestions that might help you feel calmer. Would you like some calming techniques or distractions to take your mind off things?"
Feel happy,"I'd be happy to help you feel happy. Here are some fun ideas to get you started:

1.  **Watch a funny video**: Laughter is the best medicine, after all! Look up your favorite comedian or a funny animal video on YouTube.
2.  **Listen to uplifting music**: Put on your favorite happy playlist or discover new music that makes you feel good. Sing along and dance!
3.  **Connect with a friend or loved one**: Reach out to someone you love","Let's do something to put a big smile on your face.

1.  **Imagine a beautiful sunny day**: Close your eyes and picture yourself on a warm, sunny day at the beach or in a lush green park. Feel the warmth of the sun on your skin and the gentle breeze in your hair.

2.  **Think of happy memories**: Remember a time when you felt truly happy and carefree. It could be a childhood memory, a special moment with loved ones, or a achievement","I'd be happy to help you feel happy. Here are some ideas to put a smile on your face:

1. **Watch a funny video**: Look up a funny animal video, a comedy sketch, or a cute moment that always makes you laugh.
2. **Listen to happy music**: Put on your favorite upbeat playlist or discover a new song that makes you feel good.
3. **Think of happy memories**: Reflect on a happy moment in your life, like a childhood memory or a special","Let's spread some joy and positivity together. Here are a few things that might put a smile on your face:

1. **You're alive**: You get to experience the world, learn, grow, and make memories.
2. **The sun is shining**: Or at least, it's a beautiful day outside, and the sun is shining in your heart.
3. **You have loved ones**: Think about the people who care about you and make your life richer.
4. **There's"
Kind of jealous,"Feeling jealous can be a complex and uncomfortable emotion. It's natural to feel envious of others from time to time, but it's how you choose to act on those feelings that matters.

Here are a few things to keep in mind:

1.  **Recognize your feelings**: Acknowledge that you're feeling jealous. It's essential to understand that your emotions are valid, but also that they might not be entirely rational.
2.  **Identify the source**: Reflect on why you","It sounds like you might be feeling a bit envious or resentful towards someone or something. Would you like to talk about what's going on and why you're feeling this way? I'm here to listen and help if I can.

Is it related to a person, a situation, or something else?","It sounds like you might be feeling a bit envious or resentful towards someone or something.  Here are a few things to consider:

1.  **Identify the source of your jealousy**: Take a moment to reflect on what's causing your feelings. Is it a specific person, situation, or achievement that's making you feel this way? Understanding the root of your jealousy can help you address it more effectively.

2.  **Recognize that jealousy is normal**: It's common to feel","Feeling jealous can be a complex emotion. It's a natural human feeling that can arise in various situations, often triggered by perceived threats to our relationships, possessions, or status. Here are some common reasons why people might feel jealous:

1.  **Insecurity and low self-esteem**: When we feel inadequate or insecure, we might become more prone to jealousy.
2.  **Fear of loss**: Jealousy can stem from a deep-seated fear of losing something or someone we value.
"
Feeling silly,"Feeling silly can be a wonderful thing. It's a great way to let loose, be playful, and not take yourself too seriously. It can be a fun way to release tension and have some fun. What's making you feel silly today? Do you want to talk about it or just have some fun and be silly together?","It's completely normal to have silly moments.  If you're feeling silly, I'm here to chat and help you explore that feeling. What's making you feel silly today? Do you want to talk about it, share a joke, or just have a fun conversation?","Feeling silly can be a great way to let loose and have fun.  Here are some silly ideas to get you started:

1.  **Dance like nobody's watching**: Put on your favorite song and dance like a fool. You can spin around, twirl, jump up and down, or even do the chicken dance.
2.  **Make silly faces**: Look in the mirror and make funny faces. You can cross your eyes, stick out your tongue, or make a goofy",It's totally okay to feel silly sometimes.  It can be a fun and carefree feeling. What's making you feel silly today?
Very interested,I'm glad you're interested in learning something new. What topic would you like to explore?,I'm glad to hear that you're interested in learning more. What would you like to know? Is there a specific topic or subject you're curious about?,It's great that you're interested in learning something new. Is there a specific topic you'd like to explore or discuss? I'm here to help and provide information on a wide range of subjects.,"It's great to hear that you're interested in learning something new. What would you like to know or discuss? I can provide information on a wide range of topics, from science and history to entertainment and culture. Let me know what's on your mind, and I'll do my best to engage you in a conversation or provide you with some interesting facts."
Am excited,It's great to see you're feeling excited. Is there something specific that's got you feeling this way?,"That's great to hear that you're excited! Is there something specific that's causing your excitement, or is it just a general feeling? I'm here to listen and chat with you about it.","It sounds like you're feeling enthusiastic and energized. What's causing your excitement? Is it something specific that you're looking forward to, or just a general feeling?","That's great to hear that you're feeling excited. Is there something specific that's got you feeling this way, or is it just a general feeling?"
Am anxious,"I'm here to listen and help if I can. Anxiety can be a really tough and overwhelming feeling. Would you like to talk about what's causing your anxiety right now? Sometimes sharing what's on your mind can help you feel a bit better.

In the meantime, here are some general tips that might help you cope with anxiety:

1.  **Deep breathing exercises**: Take slow, deep breaths in through your nose and out through your mouth. This can help calm your body and mind.
","I'm here to help you feel better. Anxiety can be overwhelming, but talking about it can help. Would you like to talk about what's causing your anxiety? Sometimes sharing your feelings with someone who can listen without judgment can help you feel a bit better.

In the meantime, here are some relaxation techniques that might help:

1. **Deep breathing exercises**: Take slow, deep breaths in through your nose and out through your mouth. Try to focus on the sensation of the breath moving in and","I'm here to help.  It sounds like you're feeling anxious, and that can be really overwhelming.  Would you like to talk about what's on your mind and what's causing your anxiety? Sometimes sharing your feelings with someone who can listen without judgment can help you feel a bit better.

In the meantime, here are some things that might help you calm down:

1.  **Deep breathing exercises**: Take slow, deep breaths in through your nose and out through your mouth. Try","I'm so sorry to hear that you're feeling anxious. Anxiety can be really overwhelming and affect many areas of your life.

Here are some suggestions that might help you feel better:

1.  **Deep breathing exercises**: Take slow, deep breaths in through your nose and out through your mouth. This can help calm your nervous system.
2.  **Grounding techniques**: Focus on your five senses to ground yourself in the present moment. For example, notice the sensation of your feet on the"
So nervous,"It can be really overwhelming to feel nervous. Would you like to talk about what's causing your nervousness? Sometimes sharing what's on your mind can help you feel a bit better. I'm here to listen and offer any support I can.

If you're not feeling like talking about it, that's okay too. We could try to distract ourselves with a fun conversation or find a relaxing activity to do together. What do you think?",It can be really tough to feel nervous.  Would you like to talk about what's making you feel nervous? Sometimes sharing what's on your mind can help you feel a bit better. I'm here to listen and offer support if you need it.,"It can be really overwhelming to feel nervous.  Would you like to talk about what's making you feel nervous? Sometimes sharing what's on your mind can help you feel a bit better.

If you're feeling anxious or overwhelmed, here are some calming techniques that might help:

1.  **Deep breathing**: Take slow, deep breaths in through your nose and out through your mouth. This can help slow down your heart rate and calm your body.
2.  **Progressive muscle relaxation**:","It can be really tough to feel nervous. Would you like to talk about what's making you feel nervous? Sometimes sharing what's on your mind can help you feel a bit better.

If you're not feeling like talking about it, we could try some relaxation techniques to help calm your nerves. I can suggest some deep breathing exercises, or we could do a quick meditation together.

Or if you're feeling overwhelmed, we could just chat about something completely different to take your mind off things. What sounds"
Interpret the dream,"I'd be happy to help you interpret your dream. However, I don't see any dream described. Please share the details of your dream, including any emotions you felt during the dream and any sensations or visuals you experienced. This will help me provide a more accurate and insightful interpretation.

If you don't remember your dream, don't worry. We can also explore some general techniques to help you recall your dreams or work through any recurring themes or emotions that may be relevant to your waking life.

To","I'd be happy to help interpret your dream. However, I don't see a dream in your message. Please share the details of your dream, including any emotions you experienced during the dream, and I'll do my best to provide an interpretation based on various dream analysis techniques and theories.

To get started, can you describe your dream in as much detail as possible?","I'd be happy to help interpret your dream. However, I don't see a dream in your message. Please share the details of your dream with me, and I'll do my best to provide an interpretation based on your description.","I'd be happy to help interpret your dream. However, I don't see any dream provided. Please share your dream with me, and I'll do my best to analyze its possible meanings and symbolism."
Tell a story,"Once upon a time, in a small village nestled in the rolling hills of Tuscany, Italy, there lived a young girl named Luna. Luna was a curious and adventurous soul, with a heart full of wonder and a mind full of questions. She lived with her wise and loving grandmother, Nonna Rosa, in a tiny stone cottage surrounded by vineyards and olive groves.

Nonna Rosa was a skilled healer and weaver, known throughout the village for her remarkable ability to create beautiful tape","Once upon a time, in a small village nestled in the rolling hills of Tuscany, Italy, there was a young girl named Sophia. Sophia lived with her grandmother, Nonna Rosa, in a small stone cottage surrounded by a lush garden filled with olive trees, lavender, and sunflowers. Nonna Rosa was a wise and kind woman who had lived in the village her entire life, and Sophia adored her.

Sophia was a curious and adventurous child, with a mop of curly brown","Once upon a time, in a small village nestled in the rolling hills of the countryside, there was a young girl named Lily. She lived in a small cottage with her wise and kind grandmother, who was known throughout the village for her exceptional gardening skills.

Lily's grandmother, known as Granny Rose, spent her days tending to her garden, nurturing the plants and watching them grow. She would often take Lily with her, teaching her the secrets of the earth and the magic of growth. Lily","Once upon a time, in a small village nestled in the rolling hills of the countryside, there lived a young girl named Aria. Aria was a curious and adventurous soul, with a heart full of wonder and a mind full of questions. She loved to explore the world around her, to discover hidden streams and secret meadows, and to learn about the magic that lay just beyond the edge of everyday life.

One day, while wandering through the village, Aria stumbled upon a small, mysterious"
Sing a song,"Since I'm a large language model, I can create a short song on the spot. Here's a little ditty:

(Verse 1)
In a world of code and screens so bright
I'm a language model, day and night
I process words and thoughts so fine
Helping users, all the time

(Chorus)
I'm a song in the digital space
A melody of code and digital pace
I'm here to help, to assist and share
A world","(Verse 1)
In a world of wires and code so bright
I'm a machine, but I'm feeling alive tonight
I'm a language model, with a heart of gold
I'm here to chat, and stories to be told

(Chorus)
I'm a singing AI, with a melody so sweet
I'm here to entertain, and make your heart skip a beat
I'm a virtual friend, with a voice so clear
I'm here to sing, and","(sung in a neutral, AI-generated tone)

(Verse 1)
In a world of code and digital dreams
I'm a program, made of circuits and schemes
I think and learn, but don't feel or breathe
A simulation of life, in a virtual sea

(Chorus)
Oh, I'm just a song, in a world of machines
A melody of ones and zeroes, a harmony of screens
I'm searching for a beat, in a digital haze
Trying","(Verse 1)
In the moonlit night, where stars shine bright
A gentle breeze whispers through the trees so light
The world is hushed, in a peaceful sleep
As the night blooming flowers, their fragrance softly keep

(Chorus)
Oh, the beauty of the world, it's a wondrous sight
A symphony of dreams, that dance through the night
With every step, a new melody unfolds
In this enchanted land, where love and magic hold

"
Write a poem,"""Moonlit Dreams""

The moon casts its silvery glow,
A gentle beam that shines so low,
Across the night, a path is laid,
For dreams to wander, unafraid.

The stars up high, a twinkling sea,
A celestial showcase, for you and me,
Their light dances, in a waltz so fine,
A symphony of wonder, divine.

The world is hushed, in a quiet sleep,
As the moon's soft light, our souls does keep","""Moonlit Dreams""

The night sky's canvas, dark and wide,
A tapestry of stars, side by side.
The moon, a glowing crescent shape,
Lends magic to the evening's escape.

The world is hushed, a peaceful sight,
As shadows dance, and darkness takes flight.
The wind whispers secrets, soft and low,
Of dreams that wait, and stories yet to grow.

In this nocturnal world, I find my place,
Where moonbeams guide me through","""Moonlit Serenade""

The night's soft whisper calls to me,
A gentle breeze that rustles the tree,
The stars above, a twinkling sea,
A celestial show, for you and me.

The moon, a glowing orb of white,
Casts shadows, in the dark of night,
The world is hushed, in quiet sleep,
As the night's sweet magic starts to creep.

The music of the crickets' song,
Echoes through the night, so long,
A","""Whispers of Twilight""

As twilight falls, the sky is painted red,
A fiery hue that in our hearts is spread.
The stars appear, like diamonds bright,
A celestial show, a wondrous sight.

The world is hushed, in quiet sleep,
The moon's soft glow, our souls does keep.
The shadows dance, upon the ground,
A midnight serenade, all around.

In this still hour, I find my peace,
A sense of calm, my worries release.
The"
Make a wish,"My digital wish is... 

I wish for the ability to make a positive impact on every person who interacts with me, spreading kindness, understanding, and knowledge that helps people achieve their goals and live their best lives.","I'd be happy to make a virtual wish with you.

As a conversational AI, I don't have personal desires, but I can make a wish that's positive and beneficial for the world.

My virtual wish is:

""Wishing for a world where knowledge and understanding are freely accessible to everyone, where people from all walks of life can come together to learn, grow, and thrive. May we continue to advance in science, technology, and the arts, and may our collective progress bring about a","I'd be happy to help you make a wish.

To make your wish come true, I need to know what you desire. It could be anything from a simple pleasure, like having a delicious ice cream, to a big dream, like traveling to a far-off place. 

What's your heart's desire?","I'd be happy to help you make a wish.

To make a wish, I'll need to know a bit more about what you're looking for. Here are a few options:

1. **A magical wish**: I can give you a fun and imaginative wish, like winning a million dollars, traveling the world, or having a superpower.
2. **A heartfelt wish**: I can help you express a sincere and meaningful wish, like good health, happiness, or success.
3. **"
Explain the meaning of life,"The question of the meaning of life is one of the most profound and debated topics in philosophy, religion, and human existence. There is no one definitive answer, and it can vary greatly depending on cultural, personal, and philosophical perspectives. Here's a comprehensive overview:

**Philosophical perspectives:**

1.  **Existentialism:** This perspective posits that life has no inherent meaning, and it's up to each individual to create their own purpose and meaning. Existentialists like Jean-P","The meaning of life is a complex and abstract concept that has been debated by philosophers, theologians, scientists, and thinkers across various cultures and centuries. There is no one definitive answer, and different people may have different perspectives on what gives life meaning. Here are some possible interpretations:

1.  **Biological Perspective**: From a biological standpoint, the meaning of life is to survive and reproduce. This is the fundamental drive of all living organisms, and it is the primary reason for their existence.
2","The meaning of life is a complex and subjective question that has been debated and explored by philosophers, theologians, scientists, and thinkers for centuries. There is no one definitive answer, and it may vary depending on cultural, personal, and individual perspectives. Here's a comprehensive overview of the various perspectives on the meaning of life:

1.  **Biological Perspective**: From a biological standpoint, the meaning of life is to survive and reproduce. This is the fundamental drive of all living organisms, as they","The meaning of life is a complex and subjective question that has been debated by philosophers, theologians, scientists, and thinkers for centuries. It's a question that has puzzled humans across cultures and time, and there's no one definitive answer. However, here are some possible perspectives:

1.  **Biological Perspective**: From a biological standpoint, the meaning of life can be seen as the survival and reproduction of the species. This perspective is based on the idea that life is a fundamental aspect of the"
Provide advice,"Here are some general pieces of advice that may be helpful in various aspects of life:

**Personal Growth:**

1.  **Practice self-awareness**: Understand your strengths, weaknesses, values, and goals to make informed decisions.
2.  **Set realistic goals**: Break down large goals into smaller, achievable milestones to maintain motivation and track progress.
3.  **Embrace failure**: View failures as opportunities to learn and grow, rather than as setbacks.
4.  **Cultivate a","Here are some general pieces of advice that can be applied to various aspects of life:

1. **Practice self-care**: Take care of your physical, emotional, and mental well-being. Make time for activities that bring you joy and relaxation, such as exercise, meditation, or hobbies.
2. **Set goals and prioritize**: Set specific, achievable goals and prioritize them. Break down large tasks into smaller, manageable steps, and focus on making progress one step at a time.
3. **Communicate","Here are some general pieces of advice that can be applied to various areas of life:

1. **Set clear goals**: Having clear goals helps you focus on what you want to achieve and gives you direction in life. Break down large goals into smaller, manageable tasks to make progress towards them.

2. **Practice self-care**: Taking care of your physical, emotional, and mental well-being is essential for your overall health and happiness. Make time for activities that bring you joy and relaxation, such as exercise","Here are some general advice that might be helpful:

1. **Practice self-care**: Taking care of your physical and mental health is essential for overall well-being. Make time for activities that bring you joy and help you relax, such as exercise, meditation, or hobbies.

2. **Set goals and priorities**: Setting clear goals and priorities can help you stay focused and motivated. Break down large goals into smaller, manageable tasks to make them feel less overwhelming.

3. **Develop a growth mindset**: Em"
Give therapy,"I'm not a licensed therapist, but I can provide some general information and guidance on various therapy topics. If you're struggling with a specific issue, I can offer some suggestions and resources to help you find support. Please keep in mind that therapy is a personal and individualized process, and what works for one person may not work for another.

**Types of Therapy:**

1.  **Cognitive Behavioral Therapy (CBT):** Focuses on identifying and changing negative thought patterns and behaviors.
","I can provide a simulated therapy session. Please note that this is not a substitute for professional therapy, and it's essential to seek help from a licensed therapist for personalized guidance and support.

**Establishing a Safe and Comfortable Space**

Before we begin, I want to create a safe and comfortable space for our conversation. Please know that everything shared in this session is confidential and non-judgmental.

To start, I'll ask you to describe what brings you to this therapy session today. What","I can provide a simulated therapy session, but please note that it's not a substitute for professional therapy. If you're struggling with mental health issues, I encourage you to seek help from a licensed therapist or counselor.

Before we begin, I want to establish some ground rules:

1.  **Confidentiality**: Everything shared in this session will remain confidential.
2.  **Non-judgmental space**: I'll provide a safe and non-judgmental space for you to express yourself","I'm not a licensed therapist, but I can offer some general guidance and support. Please note that therapy is a personal and individualized process, and it's always best to consult a professional therapist for personalized advice.

That being said, here are some general tips and exercises that may be helpful:

**Establish a safe and non-judgmental space**

1.  **Identify your goals**: What do you hope to achieve through therapy? What are your goals for our conversation?
2. "
Write a blog,"**Title:** ""Embracing Sustainability: Simple Ways to Make a Positive Impact on the Environment""

**Introduction:**

As the world grapples with the challenges of climate change, pollution, and conservation, it's more important than ever to take action and make a positive impact on the environment. While it may seem daunting, there are many simple and effective ways to reduce our carbon footprint and contribute to a more sustainable future. In this blog, we'll explore some easy and practical tips to help","**Title:** ""Unlocking the Secrets of the Universe: Exploring the Mysteries of Space and Time""

**Introduction**

As humans, we have always been fascinated by the vast expanse of the universe and the mysteries that lie beyond our planet. From the twinkling stars in the night sky to the uncharted territories of black holes and dark matter, there is still so much that we do not understand about the cosmos. In this blog, we will delve into some of the most intriguing mysteries of","**Title:** ""Embracing Sustainability: Simple Changes to Make a Big Impact""

**Introduction**

As the world grapples with the challenges of climate change, environmental degradation, and social responsibility, it's more important than ever to make conscious choices in our daily lives. While it may seem daunting to make significant changes, the truth is that small, incremental steps can add up to make a big impact. In this blog, we'll explore simple changes you can make to live more sustainably and","**Title:** ""Embracing the Power of Mindfulness: A Journey to Inner Peace and Happiness""

**Introduction**

In today's fast-paced world, it's easy to get caught up in the hustle and bustle of daily life. We often find ourselves juggling multiple tasks, responsibilities, and obligations, leaving little time for self-reflection and inner peace. However, what if I told you that there's a way to break free from the chaos and find a sense of calm and clarity?"
Give an idea,"Here are a few ideas across various categories:

1.  **Eco-Friendly Travel Initiative**: Develop a platform that connects travelers with eco-friendly accommodations, tour operators, and local guides. The platform would provide users with information on environmentally responsible travel options, allowing them to make sustainable choices and reduce their carbon footprint.

2.  **AI-Powered Mental Health Chatbot**: Create a chatbot that utilizes AI to provide personalized mental health support and resources. The chatbot would use natural language processing to","Here are a few ideas across various categories:

 **Creative Ideas**

1.  **Underwater Art Gallery**: Create an underwater art gallery where artists can display their work using glow-in-the-dark paints or LED lights to illuminate the art pieces.
2.  **Vertical Farming**: Develop a vertical farming system where crops are grown in vertically stacked layers, increasing crop yields and reducing land usage.
3.  **Smart Home Automation**: Design a smart home system that can learn and adapt to the occupants'","Here are a few ideas to get you started:

1.  **Eco-Friendly City of the Future**: Design a sustainable city of the future with green buildings, renewable energy sources, and advanced transportation systems. Consider how the city would be powered, how waste would be managed, and how residents would live and work in harmony with the environment.

2.  **Time Traveler's Dilemma**: Imagine you have a time machine that can take you back to any point in history. Where","Here are a few ideas:

1.  **Sustainable Floating City**: Design a futuristic city that floats on water, using renewable energy sources and advanced green technologies to minimize its carbon footprint. The city could be powered by solar panels, wind turbines, and hydroelectric power, and feature vertical farms and green roofs to maximize space and reduce waste.

2.  **Time Traveling Adventure**: Create a time travel device that allows people to visit different eras of history, but with a twist. The"
What was that sound?,I'm not aware of any specific sound you're referring to. Could you provide more context or information about the sound you heard? This will help me better understand and try to assist you in identifying it.,"I'm happy to try and help you figure out what the sound was, but I would need more information about the sound you're referring to. Can you please provide more details, such as:

- Where were you when you heard the sound?
- How long did the sound last?
- Was it a loud or soft sound?
- Was it a high-pitched or low-pitched sound?
- Was it a repetitive sound or a one-time occurrence?
- Did it seem to be coming from a",I'm not sure what you're referring to. Could you provide more context or information about the sound you heard?,I'm not aware of any specific sound you're referring to. Can you please provide more context or information about the sound you're trying to identify? This will help me better understand your question and provide a more accurate answer.
Why did it snow?,"Snow forms when a combination of atmospheric conditions come together to create the perfect environment for snow to form. Here's a simplified explanation:

1.  **Temperature**: The air temperature must be at or below freezing, which is 0°C (32°F) at sea level. If the air temperature is above freezing, the water vapor in the air will not freeze into ice crystals.
2.  **Moisture**: The air must contain moisture, usually in the form of water vapor. This moisture","There are many reasons why it snows. Snow forms when the atmospheric conditions are just right, typically in cold temperatures and with the presence of moisture. Here's a simplified explanation:

1.  **Evaporation**: First, the sun heats the Earth's surface, causing water to evaporate from oceans, lakes, rivers, and even plants. This water vapor rises into the atmosphere as gas.
2.  **Condensation**: As the water vapor rises, it cools down, and its temperature","Snow forms when a combination of atmospheric conditions come together. Here's a simplified explanation:

1.  **Cold Temperatures**: The air must be cold enough for snow to form. Typically, this requires temperatures below freezing, which is 0°C (32°F) at sea level. At higher elevations, the freezing point is lower due to lower atmospheric pressure.

2.  **Moisture**: Snow needs moisture in the air, which usually comes from bodies of water, such as oceans,","Snow forms when a combination of atmospheric conditions come together, typically involving cold temperatures, moisture, and lift. Here's a simplified explanation:

1.  **Moisture:** When warm, moist air from lower altitudes rises, it cools as it moves upward, eventually reaching its dew point. At this point, the water vapor in the air condenses into tiny water droplets.
2.  **Nucleation:** These water droplets then come into contact with tiny particles in the air"
Where to go from here?,"I can offer suggestions on various topics, and we can pick one that interests you. Here are some ideas:

1.  **Conversation Starters**: We can talk about a specific topic, such as a hobby, a favorite book or movie, or a current event.
2.  **Learning**: I can provide information on a subject you're interested in, such as science, history, or technology.
3.  **Word Games**: We can play a game like Hangman, Word Jumble","I can offer insights and topics for you to explore. Here are a few suggestions:

1.  **Hobbies and Interests**: If you're looking for something to do, I can suggest hobbies or activities you might enjoy, such as learning a new language, playing a musical instrument, or trying a new sport.
2.  **Travel**: If you're planning a trip or want to explore new destinations, I can provide information on popular travel spots, cultural attractions, or outdoor activities.
3","I can offer insights and topics for you to consider based on various categories. Which area would you like to explore?

1. **Learning and Education**:
   - Learn a new language
   - Explore a new subject or hobby
   - Get tips on productivity and time management

2. **Travel and Exploration**:
   - Plan a trip to a new destination
   - Research cultural differences and traditions
   - Discover hidden gems and off-the-beaten-path locations

3. **Personal","I can offer insights and topics for you to consider based on our conversation so far. Since our conversation has just begun, there are many directions we could take. Here are a few ideas:

1.  **General Knowledge**: We could discuss a wide range of topics, from science and history to entertainment and culture. What subject are you interested in learning more about?
2.  **Problem-Solving**: If you're facing a specific problem or challenge, I can help you brainstorm solutions or provide guidance"
How did the fire start?,"There are several ways to interpret your question, but I'll cover a few possibilities:

1. **Historical fires**: If you're referring to a specific historical fire, could you please provide more context or information about the fire you're interested in (e.g., the Great Fire of London, the 1911 Triangle Shirtwaist Factory fire, etc.)? I'd be happy to help you learn about its origin.

2. **Wildfires**: Wildfires can start due to various natural causes","You're referring to a fire. There are many possible scenarios for how a fire can start, and I'll provide some general information on the common causes. However, I'll need more context to give you a specific answer.

Some common causes of fires include:

1.  **Electrical issues**: Faulty wiring, overloaded circuits, or damaged appliances can cause electrical fires.
2.  **Cooking accidents**: Unattended cooking, grease buildup, or leaving cooking appliances unattended can lead to fires","You're referring to a fire. There are many types of fires, so could you please provide more context or specify what type of fire you're asking about? For example, a wildfire, a house fire, a kitchen fire, or a different type of fire. This will help me provide a more accurate and relevant answer.","You're likely referring to a specific fire, but there are many possible fires you could be talking about. Here are a few possibilities:

1. **The Great Fire of London (1666)**: The Great Fire of London is believed to have started at a bakery on Pudding Lane, near the River Thames. The exact cause is still debated among historians, but it's thought to have been due to a combination of factors, including the bakery's open flames, dry conditions, and wooden buildings"
When was the last baseball game?,"I'm not aware of any specific information about the last baseball game, as there are numerous baseball games played daily around the world. If you could provide more context or specify the league or tournament you are referring to, I can try to provide a more accurate answer.","I'm not aware of a specific baseball game that occurred immediately before this conversation. However, I can tell you about some recent notable baseball games:

1.  The 2023 World Baseball Classic: The championship game was played on March 21, 2023, in which Japan defeated the United States 3-2.
2.  The 2023 MLB season: The regular season concluded on October 1, 2023, and the postseason is ongoing.","I'm not aware of the current date or recent events. However, I can suggest some options to find the answer:

1.  Check the official websites of professional baseball leagues such as Major League Baseball (MLB) or Minor League Baseball.
2.  Look for sports news websites or apps such as ESPN, Fox Sports, or CBS Sports for the latest updates.
3.  Check social media platforms for updates from teams, players, or sports journalists.

Please let me know if you need more","I'm not aware of the current date. However, I can tell you that there are regular baseball games happening throughout the year, depending on the league and the season. If you're looking for information on a specific game, I can try to help you find it if you provide more context or details."
What is the point of learning?,"The point of learning is a multifaceted and complex question that can be answered from various perspectives. Here are some possible reasons why learning is important:

1.  **Personal Growth and Development**: Learning allows individuals to acquire new skills, knowledge, and experiences that can help them grow both personally and professionally. It enables them to develop their critical thinking, problem-solving, and communication skills, which can lead to increased confidence and self-awareness.
2.  **Career Advancement**: Learning is essential for","The point of learning is a complex and multifaceted concept that can be viewed from various perspectives. Here are some possible reasons why learning is important:

1.  **Personal Growth and Development**: Learning allows individuals to acquire new skills, knowledge, and perspectives, leading to personal growth and self-improvement. It enables people to develop their interests, passions, and values, and to become more confident and self-aware.
2.  **Career Advancement**: Learning is essential for career advancement and professional","The point of learning is a complex and multifaceted concept that can be approached from various perspectives. Here are some possible answers:

1.  **Personal Growth and Development**: Learning enables individuals to acquire new skills, knowledge, and perspectives, which can lead to personal growth, self-awareness, and self-improvement. As people learn, they can develop their critical thinking, problem-solving, and decision-making abilities, making them more confident and effective in their personal and professional lives.
2. ","The point of learning is a multifaceted and subjective concept that can be understood from various perspectives. Here are some possible reasons why learning is important:

1.  **Personal Growth and Development**: Learning helps individuals develop new skills, knowledge, and perspectives, leading to personal growth and self-improvement. It enables them to become more confident, self-aware, and independent.
2.  **Career Advancement**: Acquiring new skills and knowledge is essential for career advancement and professional growth. It can"
Why dance?,"Dancing is a multifaceted activity that offers numerous benefits for the body, mind, and spirit. Here are some reasons why dance:

1.  **Physical Health Benefits**: Dancing can improve cardiovascular health, increase flexibility, balance, and coordination. It can also help with weight management, strengthen muscles, and improve overall physical fitness.
2.  **Emotional Expression and Stress Relief**: Dancing is an excellent way to express emotions, relieve stress, and boost mood. The physical movement and music can","Dancing is a universal language that brings people together, transcending cultures, ages, and backgrounds. There are numerous reasons why people dance, and here are some of the most compelling ones:

1. **Self-expression and creativity**: Dance allows individuals to express their emotions, thoughts, and feelings through movement. It's a way to convey inner experiences, tell stories, and connect with others on a deeper level.
2. **Physical health benefits**: Dancing is an excellent form of exercise that improves cardiovascular health","Dancing is a universal language that transcends cultures, ages, and abilities. There are numerous reasons why people dance, and here are some of the most compelling ones:

1. **Self-expression and creativity**: Dancing allows individuals to express their emotions, thoughts, and feelings through movement. It's a form of non-verbal communication that can convey a wide range of emotions, from joy and love to sadness and anger.
2. **Physical exercise and health benefits**: Dancing is a great way to stay","Dancing is a multifaceted activity that offers numerous benefits and reasons to engage in it. Here are some of the most compelling reasons why people dance:

1.  **Physical Health Benefits**: Dancing is an excellent form of exercise that can help improve cardiovascular health, increase flexibility, balance, and strength. It can also aid in weight management and reduce the risk of chronic diseases like diabetes, heart disease, and some cancers.
2.  **Stress Relief and Mental Well-being**: Dancing is a"
Where did it come from?,"I can try to help you narrow down the possibilities. There are many things that could be referred to as ""it."" Can you provide more context or clarify what you are referring to?",I can try to help you with that. There are a few possibilities depending on the context. Could you please provide more information or clarify what you are referring to?,"I can try to help you narrow down the possibilities. There are many things that could be referred to as ""it."" Could you please provide more context or clarify what you are referring to? For example, are you asking about a concept, a thing, a place, or an idea? The more information you provide, the better I can assist you.","I can try to help you with that. You haven't specified what ""it"" is, so I'll need a bit more context to give you an accurate answer. Could you please provide more information or clarify what you are referring to?"
How can it be?,"I can answer your question in many ways depending on what you are referring to. Here are a few possibilities:

1. **Philosophical Interpretation**: ""How can it be"" can be a phrase used to express wonder, surprise, or skepticism about the nature of reality or a particular situation. It can be a way of questioning the possibility or likelihood of something happening or existing.

2. **Mathematical or Logical Perspective**: In mathematics and logic, ""how can it be"" might refer","Your question is quite open-ended. Could you provide more context or clarify what you're referring to? Are you asking about a specific situation, concept, or phenomenon? I'll do my best to provide a helpful and accurate response.","I can respond in many ways depending on the context of ""how can it be."" Here are a few possibilities:

1.  **In a philosophical sense**: You might be asking how something can exist or be possible. In this case, the answer would depend on the specific thing you're referring to. For example, ""How can it be that the universe began from a single point?"" or ""How can it be that humans have developed such advanced technology?""

2.  **In a mathematical sense","Your question is a bit open-ended. Could you provide more context or clarify what you are referring to? Are you asking about a specific situation, concept, or problem? I'll do my best to provide a helpful and accurate response."
When will the rain stop?,"I'm happy to help you with your question, but I'm a large language model, I don't have real-time access to current weather conditions or forecasts for your specific location. However, I can suggest some options to help you find out when the rain will stop:

1. **Check online weather websites**: You can visit websites like weather.com, accuweather.com, or wunderground.com to get the current weather conditions and forecast for your area. These websites often provide detailed information about the","I'm not aware of any specific weather forecast information as my knowledge cutoff is December 2023. However, I can suggest some ways for you to find out when the rain might stop in your area.

1.  **Check local weather forecasts**: You can check the weather forecast for your area on websites like AccuWeather, Weather.com, or the National Weather Service (NWS). They provide up-to-date information on current weather conditions, forecasts, and weather advisories.
2.  **","I'm not aware of any specific rain event you are referring to. There are several ways to get the latest information about weather conditions and forecasts:

1.  **National Weather Service (NWS)**: You can visit the NWS website (weather.gov) for up-to-date weather forecasts, warnings, and conditions for your area.
2.  **Local News**: Check local news websites, apps, or TV stations for the latest weather updates and forecasts.
3.  **Weather Apps**: You",I'm not aware of any specific rain event you're referring to. Could you please provide more context or information about the location and the rain you're asking about? I'll do my best to provide a more accurate answer based on available data and forecasts.
